,col,price_corr,abs_price_corr
22,LowQualFinSF,-0.00999239700593425,0.00999239700593425
41,MiscVal,-0.016989857604916406,0.016989857604916406
7,Utilities,0.017078650564686576,0.017078650564686576
43,year,-0.020451016345995523,0.020451016345995523
25,BsmtHalfBath,-0.030175000375615327,0.030175000375615327
0,Unnamed: 0,-0.030473036280150304,0.030473036280150304
2,id,-0.030473036280150304,0.030473036280150304
16,BsmtFinSF2,-0.031225787844299618,0.031225787844299618
42,month,0.0413096051294279,0.0413096051294279
6,Street,0.04210601606656334,0.04210601606656334
38,3SsnPorch,0.04215866955782459,0.04215866955782459
3,MSSubClass,-0.0795985179007536,0.0795985179007536
9,HouseStyle,-0.09164882543282334,0.09164882543282334
40,PoolArea,0.09188107619026749,0.09188107619026749
39,ScreenPorch,0.0966239807980717,0.0966239807980717
11,OverallCond,-0.10862709726954413,0.10862709726954413
29,KitchenAbvGr,-0.11140819740822729,0.11140819740822729
37,EnclosedPorch,-0.1273852765420978,0.1273852765420978
8,BldgType,-0.1528313036620103,0.1528313036620103
28,BedroomAbvGr,0.16926554693331103,0.16926554693331103
17,BsmtUnfSF,0.19168887890202063,0.19168887890202063
19,CentralAir,0.19975935469806602,0.19975935469806602
24,BsmtFullBath,0.20969465592752207,0.20969465592752207
5,LotArea,0.2547573502139695,0.2547573502139695
27,HalfBath,0.2581749248797554,0.2581749248797554
35,WoodDeckSF,0.3059828831682276,0.3059828831682276
21,2ndFlrSF,0.3113540266995919,0.3113540266995919
36,OpenPorchSF,0.32278573464197624,0.32278573464197624
4,LotFrontage,0.32776584109712703,0.32776584109712703
15,BsmtFinSF1,0.3596766331261802,0.3596766331261802
31,Fireplaces,0.4454344326389195,0.4454344326389195
14,MasVnrArea,0.46581143360024746,0.46581143360024746
32,GarageYrBlt,0.4817297859182403,0.4817297859182403
13,YearRemodAdd,0.5014353821077946,0.5014353821077946
12,YearBuilt,0.5042971750930906,0.5042971750930906
30,TotRmsAbvGrd,0.5518206950104783,0.5518206950104783
26,FullBath,0.5693126295659889,0.5693126295659889
18,TotalBsmtSF,0.6020422814414268,0.6020422814414268
20,1stFlrSF,0.604714484629277,0.604714484629277
34,GarageArea,0.6075353838509884,0.6075353838509884
33,GarageCars,0.6401543580531914,0.6401543580531914
23,GrLivArea,0.7117061511024286,0.7117061511024286
10,OverallQual,0.7835456113843249,0.7835456113843249
44,price,1.0,1.0
1,const,,
